task,drop_head_at_layer,drop_head,values,benchmark
sst-2,1,1,0.930045871559633,accuracy
sst-2,1,2,0.9288990825688074,accuracy
sst-2,1,3,0.930045871559633,accuracy
sst-2,1,4,0.9277522935779816,accuracy
sst-2,1,5,0.930045871559633,accuracy
sst-2,1,6,0.9288990825688074,accuracy
sst-2,1,7,0.9277522935779816,accuracy
sst-2,1,8,0.9277522935779816,accuracy
sst-2,1,9,0.926605504587156,accuracy
sst-2,1,10,0.9277522935779816,accuracy
sst-2,1,11,0.9323394495412844,accuracy
sst-2,1,12,0.930045871559633,accuracy
sst-2,2,1,0.9311926605504587,accuracy
sst-2,2,2,0.9311926605504587,accuracy
sst-2,2,3,0.930045871559633,accuracy
sst-2,2,4,0.930045871559633,accuracy
sst-2,2,5,0.9288990825688074,accuracy
sst-2,2,6,0.9288990825688074,accuracy
sst-2,2,7,0.9311926605504587,accuracy
sst-2,2,8,0.930045871559633,accuracy
sst-2,2,9,0.9288990825688074,accuracy
sst-2,2,10,0.930045871559633,accuracy
sst-2,2,11,0.9311926605504587,accuracy
sst-2,2,12,0.9288990825688074,accuracy
sst-2,3,1,0.9254587155963303,accuracy
sst-2,3,2,0.9288990825688074,accuracy
sst-2,3,3,0.9288990825688074,accuracy
sst-2,3,4,0.9288990825688074,accuracy
sst-2,3,5,0.9288990825688074,accuracy
sst-2,3,6,0.9277522935779816,accuracy
sst-2,3,7,0.930045871559633,accuracy
sst-2,3,8,0.9288990825688074,accuracy
sst-2,3,9,0.9288990825688074,accuracy
sst-2,3,10,0.930045871559633,accuracy
sst-2,3,11,0.9288990825688074,accuracy
sst-2,3,12,0.930045871559633,accuracy
sst-2,4,1,0.9311926605504587,accuracy
sst-2,4,2,0.930045871559633,accuracy
sst-2,4,3,0.930045871559633,accuracy
sst-2,4,4,0.9311926605504587,accuracy
sst-2,4,5,0.930045871559633,accuracy
sst-2,4,6,0.930045871559633,accuracy
sst-2,4,7,0.9311926605504587,accuracy
sst-2,4,8,0.9311926605504587,accuracy
sst-2,4,9,0.930045871559633,accuracy
sst-2,4,10,0.926605504587156,accuracy
sst-2,4,11,0.9311926605504587,accuracy
sst-2,4,12,0.9311926605504587,accuracy
sst-2,5,1,0.9311926605504587,accuracy
sst-2,5,2,0.930045871559633,accuracy
sst-2,5,3,0.9288990825688074,accuracy
sst-2,5,4,0.930045871559633,accuracy
sst-2,5,5,0.9288990825688074,accuracy
sst-2,5,6,0.930045871559633,accuracy
sst-2,5,7,0.9311926605504587,accuracy
sst-2,5,8,0.9323394495412844,accuracy
sst-2,5,9,0.9288990825688074,accuracy
sst-2,5,10,0.930045871559633,accuracy
sst-2,5,11,0.930045871559633,accuracy
sst-2,5,12,0.9288990825688074,accuracy
sst-2,6,1,0.926605504587156,accuracy
sst-2,6,2,0.9288990825688074,accuracy
sst-2,6,3,0.9288990825688074,accuracy
sst-2,6,4,0.9254587155963303,accuracy
sst-2,6,5,0.9254587155963303,accuracy
sst-2,6,6,0.926605504587156,accuracy
sst-2,6,7,0.9254587155963303,accuracy
sst-2,6,8,0.9277522935779816,accuracy
sst-2,6,9,0.9288990825688074,accuracy
sst-2,6,10,0.9231651376146789,accuracy
sst-2,6,11,0.9243119266055045,accuracy
sst-2,6,12,0.930045871559633,accuracy
sst-2,7,1,0.9277522935779816,accuracy
sst-2,7,2,0.930045871559633,accuracy
sst-2,7,3,0.9288990825688074,accuracy
sst-2,7,4,0.930045871559633,accuracy
sst-2,7,5,0.9288990825688074,accuracy
sst-2,7,6,0.9277522935779816,accuracy
sst-2,7,7,0.9311926605504587,accuracy
sst-2,7,8,0.9311926605504587,accuracy
sst-2,7,9,0.9288990825688074,accuracy
sst-2,7,10,0.9288990825688074,accuracy
sst-2,7,11,0.930045871559633,accuracy
sst-2,7,12,0.9311926605504587,accuracy
sst-2,8,1,0.926605504587156,accuracy
sst-2,8,2,0.9254587155963303,accuracy
sst-2,8,3,0.9288990825688074,accuracy
sst-2,8,4,0.9277522935779816,accuracy
sst-2,8,5,0.930045871559633,accuracy
sst-2,8,6,0.9288990825688074,accuracy
sst-2,8,7,0.9288990825688074,accuracy
sst-2,8,8,0.9311926605504587,accuracy
sst-2,8,9,0.930045871559633,accuracy
sst-2,8,10,0.9311926605504587,accuracy
sst-2,8,11,0.9288990825688074,accuracy
sst-2,8,12,0.930045871559633,accuracy
sst-2,9,1,0.9288990825688074,accuracy
sst-2,9,2,0.9254587155963303,accuracy
sst-2,9,3,0.9288990825688074,accuracy
sst-2,9,4,0.9288990825688074,accuracy
sst-2,9,5,0.930045871559633,accuracy
sst-2,9,6,0.930045871559633,accuracy
sst-2,9,7,0.9311926605504587,accuracy
sst-2,9,8,0.9288990825688074,accuracy
sst-2,9,9,0.9277522935779816,accuracy
sst-2,9,10,0.9243119266055045,accuracy
sst-2,9,11,0.926605504587156,accuracy
sst-2,9,12,0.930045871559633,accuracy
sst-2,10,1,0.9288990825688074,accuracy
sst-2,10,2,0.9288990825688074,accuracy
sst-2,10,3,0.930045871559633,accuracy
sst-2,10,4,0.930045871559633,accuracy
sst-2,10,5,0.9311926605504587,accuracy
sst-2,10,6,0.9277522935779816,accuracy
sst-2,10,7,0.930045871559633,accuracy
sst-2,10,8,0.9288990825688074,accuracy
sst-2,10,9,0.930045871559633,accuracy
sst-2,10,10,0.930045871559633,accuracy
sst-2,10,11,0.9277522935779816,accuracy
sst-2,10,12,0.930045871559633,accuracy
sst-2,11,1,0.926605504587156,accuracy
sst-2,11,2,0.930045871559633,accuracy
sst-2,11,3,0.9288990825688074,accuracy
sst-2,11,4,0.9311926605504587,accuracy
sst-2,11,5,0.9243119266055045,accuracy
sst-2,11,6,0.9311926605504587,accuracy
sst-2,11,7,0.9277522935779816,accuracy
sst-2,11,8,0.9277522935779816,accuracy
sst-2,11,9,0.930045871559633,accuracy
sst-2,11,10,0.9311926605504587,accuracy
sst-2,11,11,0.930045871559633,accuracy
sst-2,11,12,0.9288990825688074,accuracy
sst-2,12,1,0.9254587155963303,accuracy
sst-2,12,2,0.9254587155963303,accuracy
sst-2,12,3,0.930045871559633,accuracy
sst-2,12,4,0.9277522935779816,accuracy
sst-2,12,5,0.9288990825688074,accuracy
sst-2,12,6,0.9288990825688074,accuracy
sst-2,12,7,0.9288990825688074,accuracy
sst-2,12,8,0.9288990825688074,accuracy
sst-2,12,9,0.9323394495412844,accuracy
sst-2,12,10,0.9288990825688074,accuracy
sst-2,12,11,0.9277522935779816,accuracy
sst-2,12,12,0.9277522935779816,accuracy
rte,1,1,0.6895306859205776,accuracy
rte,1,2,0.6750902527075813,accuracy
rte,1,3,0.6859205776173285,accuracy
rte,1,4,0.6714801444043321,accuracy
rte,1,5,0.6642599277978339,accuracy
rte,1,6,0.6642599277978339,accuracy
rte,1,7,0.6606498194945848,accuracy
rte,1,8,0.6750902527075813,accuracy
rte,1,9,0.6606498194945848,accuracy
rte,1,10,0.6750902527075813,accuracy
rte,1,11,0.6895306859205776,accuracy
rte,1,12,0.7003610108303249,accuracy
rte,2,1,0.6931407942238267,accuracy
rte,2,2,0.6967509025270758,accuracy
rte,2,3,0.6931407942238267,accuracy
rte,2,4,0.6895306859205776,accuracy
rte,2,5,0.703971119133574,accuracy
rte,2,6,0.6967509025270758,accuracy
rte,2,7,0.6750902527075813,accuracy
rte,2,8,0.6570397111913358,accuracy
rte,2,9,0.6534296028880866,accuracy
rte,2,10,0.6570397111913358,accuracy
rte,2,11,0.6823104693140795,accuracy
rte,2,12,0.6462093862815884,accuracy
rte,3,1,0.6353790613718412,accuracy
rte,3,2,0.6353790613718412,accuracy
rte,3,3,0.6462093862815884,accuracy
rte,3,4,0.6389891696750902,accuracy
rte,3,5,0.6425992779783394,accuracy
rte,3,6,0.6353790613718412,accuracy
rte,3,7,0.6389891696750902,accuracy
rte,3,8,0.6173285198555957,accuracy
rte,3,9,0.6389891696750902,accuracy
rte,3,10,0.6425992779783394,accuracy
rte,3,11,0.628158844765343,accuracy
rte,3,12,0.6389891696750902,accuracy
rte,4,1,0.6389891696750902,accuracy
rte,4,2,0.6389891696750902,accuracy
rte,4,3,0.631768953068592,accuracy
rte,4,4,0.6389891696750902,accuracy
rte,4,5,0.631768953068592,accuracy
rte,4,6,0.6353790613718412,accuracy
rte,4,7,0.6389891696750902,accuracy
rte,4,8,0.6389891696750902,accuracy
rte,4,9,0.6425992779783394,accuracy
rte,4,10,0.6787003610108303,accuracy
rte,4,11,0.6462093862815884,accuracy
rte,4,12,0.6606498194945848,accuracy
rte,5,1,0.6570397111913358,accuracy
rte,5,2,0.6462093862815884,accuracy
rte,5,3,0.6425992779783394,accuracy
rte,5,4,0.6389891696750902,accuracy
rte,5,5,0.6425992779783394,accuracy
rte,5,6,0.6353790613718412,accuracy
rte,5,7,0.6245487364620939,accuracy
rte,5,8,0.6173285198555957,accuracy
rte,5,9,0.6209386281588448,accuracy
rte,5,10,0.5776173285198556,accuracy
rte,5,11,0.5812274368231047,accuracy
rte,5,12,0.5703971119133574,accuracy
rte,6,1,0.5415162454873647,accuracy
rte,6,2,0.5487364620938628,accuracy
rte,6,3,0.5523465703971119,accuracy
rte,6,4,0.5631768953068592,accuracy
rte,6,5,0.5487364620938628,accuracy
rte,6,6,0.5740072202166066,accuracy
rte,6,7,0.5667870036101083,accuracy
rte,6,8,0.5848375451263538,accuracy
rte,6,9,0.5740072202166066,accuracy
rte,6,10,0.5740072202166066,accuracy
rte,6,11,0.5740072202166066,accuracy
rte,6,12,0.5740072202166066,accuracy
rte,7,1,0.5884476534296029,accuracy
rte,7,2,0.592057761732852,accuracy
rte,7,3,0.5884476534296029,accuracy
rte,7,4,0.5884476534296029,accuracy
rte,7,5,0.5956678700361011,accuracy
rte,7,6,0.5812274368231047,accuracy
rte,7,7,0.5812274368231047,accuracy
rte,7,8,0.5631768953068592,accuracy
rte,7,9,0.5776173285198556,accuracy
rte,7,10,0.5703971119133574,accuracy
rte,7,11,0.555956678700361,accuracy
rte,7,12,0.5523465703971119,accuracy
rte,8,1,0.51985559566787,accuracy
rte,8,2,0.5306859205776173,accuracy
rte,8,3,0.5270758122743683,accuracy
rte,8,4,0.5270758122743683,accuracy
rte,8,5,0.5234657039711191,accuracy
rte,8,6,0.516245487364621,accuracy
rte,8,7,0.51985559566787,accuracy
rte,8,8,0.516245487364621,accuracy
rte,8,9,0.5379061371841155,accuracy
rte,8,10,0.51985559566787,accuracy
rte,8,11,0.5126353790613718,accuracy
rte,8,12,0.5090252707581228,accuracy
rte,9,1,0.5090252707581228,accuracy
rte,9,2,0.5379061371841155,accuracy
rte,9,3,0.5270758122743683,accuracy
rte,9,4,0.5234657039711191,accuracy
rte,9,5,0.5234657039711191,accuracy
rte,9,6,0.51985559566787,accuracy
rte,9,7,0.5451263537906137,accuracy
rte,9,8,0.5595667870036101,accuracy
rte,9,9,0.5090252707581228,accuracy
rte,9,10,0.4981949458483754,accuracy
rte,9,11,0.48736462093862815,accuracy
rte,9,12,0.49097472924187724,accuracy
rte,10,1,0.4981949458483754,accuracy
rte,10,2,0.48375451263537905,accuracy
rte,10,3,0.49097472924187724,accuracy
rte,10,4,0.5126353790613718,accuracy
rte,10,5,0.516245487364621,accuracy
rte,10,6,0.516245487364621,accuracy
rte,10,7,0.49097472924187724,accuracy
rte,10,8,0.49458483754512633,accuracy
rte,10,9,0.4548736462093863,accuracy
rte,10,10,0.4657039711191336,accuracy
rte,10,11,0.48736462093862815,accuracy
rte,10,12,0.47653429602888087,accuracy
rte,11,1,0.49097472924187724,accuracy
rte,11,2,0.48375451263537905,accuracy
rte,11,3,0.48375451263537905,accuracy
rte,11,4,0.5379061371841155,accuracy
rte,11,5,0.5415162454873647,accuracy
rte,11,6,0.5487364620938628,accuracy
rte,11,7,0.555956678700361,accuracy
rte,11,8,0.5306859205776173,accuracy
rte,11,9,0.5379061371841155,accuracy
rte,11,10,0.5342960288808665,accuracy
rte,11,11,0.5487364620938628,accuracy
rte,11,12,0.48736462093862815,accuracy
rte,12,1,0.5234657039711191,accuracy
rte,12,2,0.5306859205776173,accuracy
rte,12,3,0.5595667870036101,accuracy
rte,12,4,0.51985559566787,accuracy
rte,12,5,0.51985559566787,accuracy
rte,12,6,0.5090252707581228,accuracy
rte,12,7,0.5270758122743683,accuracy
rte,12,8,0.5270758122743683,accuracy
rte,12,9,0.5270758122743683,accuracy
rte,12,10,0.5270758122743683,accuracy
rte,12,11,0.5270758122743683,accuracy
rte,12,12,0.5270758122743683,accuracy
mrpc,1,1,0.8955752212389381,F-1 score
mrpc,1,2,0.8971631205673759,F-1 score
mrpc,1,3,0.8975265017667844,F-1 score
mrpc,1,4,0.900709219858156,F-1 score
mrpc,1,5,0.9039145907473309,F-1 score
mrpc,1,6,0.8948306595365418,F-1 score
mrpc,1,7,0.8998242530755711,F-1 score
mrpc,1,8,0.901060070671378,F-1 score
mrpc,1,9,0.9034608378870674,F-1 score
mrpc,1,10,0.8994708994708994,F-1 score
mrpc,1,11,0.8939929328621908,F-1 score
mrpc,1,12,0.8963093145869947,F-1 score
mrpc,2,1,0.9003558718861211,F-1 score
mrpc,2,2,0.8998242530755711,F-1 score
mrpc,2,3,0.9014084507042254,F-1 score
mrpc,2,4,0.8994708994708994,F-1 score
mrpc,2,5,0.9014084507042254,F-1 score
mrpc,2,6,0.8991150442477877,F-1 score
mrpc,2,7,0.9049295774647886,F-1 score
mrpc,2,8,0.8972972972972973,F-1 score
mrpc,2,9,0.9012567324955117,F-1 score
mrpc,2,10,0.901060070671378,F-1 score
mrpc,2,11,0.9036777583187391,F-1 score
mrpc,2,12,0.9015025041736227,F-1 score
mrpc,3,1,0.9011725293132328,F-1 score
mrpc,3,2,0.9018302828618967,F-1 score
mrpc,3,3,0.903010033444816,F-1 score
mrpc,3,4,0.9015025041736227,F-1 score
mrpc,3,5,0.9015025041736227,F-1 score
mrpc,3,6,0.9003322259136212,F-1 score
mrpc,3,7,0.8675078864353312,F-1 score
mrpc,3,8,0.9023569023569024,F-1 score
mrpc,3,9,0.9015025041736227,F-1 score
mrpc,3,10,0.9042016806722689,F-1 score
mrpc,3,11,0.9015025041736227,F-1 score
mrpc,3,12,0.90625,F-1 score
mrpc,4,1,0.883720930232558,F-1 score
mrpc,4,2,0.9014084507042254,F-1 score
mrpc,4,3,0.903114186851211,F-1 score
mrpc,4,4,0.8986013986013986,F-1 score
mrpc,4,5,0.8989547038327526,F-1 score
mrpc,4,6,0.9008695652173914,F-1 score
mrpc,4,7,0.9046793760831888,F-1 score
mrpc,4,8,0.9063032367972743,F-1 score
mrpc,4,9,0.905982905982906,F-1 score
mrpc,4,10,0.9065743944636677,F-1 score
mrpc,4,11,0.8900900900900901,F-1 score
mrpc,4,12,0.9012131715771231,F-1 score
mrpc,5,1,0.9015544041450777,F-1 score
mrpc,5,2,0.897391304347826,F-1 score
mrpc,5,3,0.8976109215017065,F-1 score
mrpc,5,4,0.8849557522123894,F-1 score
mrpc,5,5,0.902229845626072,F-1 score
mrpc,5,6,0.9008695652173914,F-1 score
mrpc,5,7,0.9012131715771231,F-1 score
mrpc,5,8,0.904109589041096,F-1 score
mrpc,5,9,0.8989547038327526,F-1 score
mrpc,5,10,0.8969072164948454,F-1 score
mrpc,5,11,0.8970331588132635,F-1 score
mrpc,5,12,0.8984509466437176,F-1 score
mrpc,6,1,0.8942807625649914,F-1 score
mrpc,6,2,0.8946459412780656,F-1 score
mrpc,6,3,0.901023890784983,F-1 score
mrpc,6,4,0.8885017421602788,F-1 score
mrpc,6,5,0.8987993138936535,F-1 score
mrpc,6,6,0.9003436426116839,F-1 score
mrpc,6,7,0.8996539792387542,F-1 score
mrpc,6,8,0.8961937716262977,F-1 score
mrpc,6,9,0.8814814814814815,F-1 score
mrpc,6,10,0.8953687821612349,F-1 score
mrpc,6,11,0.8927335640138409,F-1 score
mrpc,6,12,0.896551724137931,F-1 score
mrpc,7,1,0.896551724137931,F-1 score
mrpc,7,2,0.8958333333333334,F-1 score
mrpc,7,3,0.8931034482758621,F-1 score
mrpc,7,4,0.8981001727115717,F-1 score
mrpc,7,5,0.891566265060241,F-1 score
mrpc,7,6,0.8950086058519794,F-1 score
mrpc,7,7,0.8977469670710572,F-1 score
mrpc,7,8,0.8972602739726027,F-1 score
mrpc,7,9,0.8942807625649914,F-1 score
mrpc,7,10,0.8923611111111109,F-1 score
mrpc,7,11,0.8981001727115717,F-1 score
mrpc,7,12,0.8931034482758621,F-1 score
mrpc,8,1,0.8869565217391304,F-1 score
mrpc,8,2,0.8942807625649914,F-1 score
mrpc,8,3,0.8961937716262977,F-1 score
mrpc,8,4,0.8950086058519794,F-1 score
mrpc,8,5,0.891566265060241,F-1 score
mrpc,8,6,0.8989547038327526,F-1 score
mrpc,8,7,0.8911917098445595,F-1 score
mrpc,8,8,0.8950086058519794,F-1 score
mrpc,8,9,0.896551724137931,F-1 score
mrpc,8,10,0.8911917098445595,F-1 score
mrpc,8,11,0.8950086058519794,F-1 score
mrpc,8,12,0.8961937716262977,F-1 score
mrpc,9,1,0.8961937716262977,F-1 score
mrpc,9,2,0.8911917098445595,F-1 score
mrpc,9,3,0.8961937716262977,F-1 score
mrpc,9,4,0.8946459412780656,F-1 score
mrpc,9,5,0.8946459412780656,F-1 score
mrpc,9,6,0.8942807625649914,F-1 score
mrpc,9,7,0.8927335640138409,F-1 score
mrpc,9,8,0.8829787234042553,F-1 score
mrpc,9,9,0.8953687821612349,F-1 score
mrpc,9,10,0.8950086058519794,F-1 score
mrpc,9,11,0.9006849315068494,F-1 score
mrpc,9,12,0.8942807625649914,F-1 score
mrpc,10,1,0.8942807625649914,F-1 score
mrpc,10,2,0.8927335640138409,F-1 score
mrpc,10,3,0.8939130434782607,F-1 score
mrpc,10,4,0.8942807625649914,F-1 score
mrpc,10,5,0.8927335640138409,F-1 score
mrpc,10,6,0.8950086058519794,F-1 score
mrpc,10,7,0.8942807625649914,F-1 score
mrpc,10,8,0.8927335640138409,F-1 score
mrpc,10,9,0.8958333333333334,F-1 score
mrpc,10,10,0.8942807625649914,F-1 score
mrpc,10,11,0.8977469670710572,F-1 score
mrpc,10,12,0.8969072164948454,F-1 score
mrpc,11,1,0.8969072164948454,F-1 score
mrpc,11,2,0.8987993138936535,F-1 score
mrpc,11,3,0.8987993138936535,F-1 score
mrpc,11,4,0.8969072164948454,F-1 score
mrpc,11,5,0.9025641025641027,F-1 score
mrpc,11,6,0.8969072164948454,F-1 score
mrpc,11,7,0.8969072164948454,F-1 score
mrpc,11,8,0.8987993138936535,F-1 score
mrpc,11,9,0.8950086058519794,F-1 score
mrpc,11,10,0.8987993138936535,F-1 score
mrpc,11,11,0.8987993138936535,F-1 score
mrpc,11,12,0.8969072164948454,F-1 score
mrpc,12,1,0.8950086058519794,F-1 score
mrpc,12,2,0.8969072164948454,F-1 score
mrpc,12,3,0.8969072164948454,F-1 score
mrpc,12,4,0.8969072164948454,F-1 score
mrpc,12,5,0.8969072164948454,F-1 score
mrpc,12,6,0.8969072164948454,F-1 score
mrpc,12,7,0.8969072164948454,F-1 score
mrpc,12,8,0.8969072164948454,F-1 score
mrpc,12,9,0.8969072164948454,F-1 score
mrpc,12,10,0.8987993138936535,F-1 score
mrpc,12,11,0.8969072164948454,F-1 score
mrpc,12,12,0.8969072164948454,F-1 score
wnli,1,1,0.5633802816901409,accuracy
wnli,1,2,0.5633802816901409,accuracy
wnli,1,3,0.5633802816901409,accuracy
wnli,1,4,0.5633802816901409,accuracy
wnli,1,5,0.5633802816901409,accuracy
wnli,1,6,0.5633802816901409,accuracy
wnli,1,7,0.5633802816901409,accuracy
wnli,1,8,0.5633802816901409,accuracy
wnli,1,9,0.5633802816901409,accuracy
wnli,1,10,0.5633802816901409,accuracy
wnli,1,11,0.5633802816901409,accuracy
wnli,1,12,0.5633802816901409,accuracy
wnli,2,1,0.5633802816901409,accuracy
wnli,2,2,0.5633802816901409,accuracy
wnli,2,3,0.5633802816901409,accuracy
wnli,2,4,0.5633802816901409,accuracy
wnli,2,5,0.5633802816901409,accuracy
wnli,2,6,0.5633802816901409,accuracy
wnli,2,7,0.5633802816901409,accuracy
wnli,2,8,0.5633802816901409,accuracy
wnli,2,9,0.5633802816901409,accuracy
wnli,2,10,0.5633802816901409,accuracy
wnli,2,11,0.5633802816901409,accuracy
wnli,2,12,0.5633802816901409,accuracy
wnli,3,1,0.5633802816901409,accuracy
wnli,3,2,0.5633802816901409,accuracy
wnli,3,3,0.5633802816901409,accuracy
wnli,3,4,0.5633802816901409,accuracy
wnli,3,5,0.5633802816901409,accuracy
wnli,3,6,0.5633802816901409,accuracy
wnli,3,7,0.5633802816901409,accuracy
wnli,3,8,0.5633802816901409,accuracy
wnli,3,9,0.5633802816901409,accuracy
wnli,3,10,0.5633802816901409,accuracy
wnli,3,11,0.5633802816901409,accuracy
wnli,3,12,0.5633802816901409,accuracy
wnli,4,1,0.5633802816901409,accuracy
wnli,4,2,0.5633802816901409,accuracy
wnli,4,3,0.5633802816901409,accuracy
wnli,4,4,0.5633802816901409,accuracy
wnli,4,5,0.5633802816901409,accuracy
wnli,4,6,0.5633802816901409,accuracy
wnli,4,7,0.5633802816901409,accuracy
wnli,4,8,0.5633802816901409,accuracy
wnli,4,9,0.5633802816901409,accuracy
wnli,4,10,0.5633802816901409,accuracy
wnli,4,11,0.5633802816901409,accuracy
wnli,4,12,0.5633802816901409,accuracy
wnli,5,1,0.5633802816901409,accuracy
wnli,5,2,0.5633802816901409,accuracy
wnli,5,3,0.5633802816901409,accuracy
wnli,5,4,0.5633802816901409,accuracy
wnli,5,5,0.5633802816901409,accuracy
wnli,5,6,0.5633802816901409,accuracy
wnli,5,7,0.5633802816901409,accuracy
wnli,5,8,0.5633802816901409,accuracy
wnli,5,9,0.5633802816901409,accuracy
wnli,5,10,0.5633802816901409,accuracy
wnli,5,11,0.5633802816901409,accuracy
wnli,5,12,0.5633802816901409,accuracy
wnli,6,1,0.5633802816901409,accuracy
wnli,6,2,0.5633802816901409,accuracy
wnli,6,3,0.5633802816901409,accuracy
wnli,6,4,0.5633802816901409,accuracy
wnli,6,5,0.5633802816901409,accuracy
wnli,6,6,0.5633802816901409,accuracy
wnli,6,7,0.5633802816901409,accuracy
wnli,6,8,0.5633802816901409,accuracy
wnli,6,9,0.5633802816901409,accuracy
wnli,6,10,0.5633802816901409,accuracy
wnli,6,11,0.5633802816901409,accuracy
wnli,6,12,0.5633802816901409,accuracy
wnli,7,1,0.5633802816901409,accuracy
wnli,7,2,0.5633802816901409,accuracy
wnli,7,3,0.5633802816901409,accuracy
wnli,7,4,0.5633802816901409,accuracy
wnli,7,5,0.5633802816901409,accuracy
wnli,7,6,0.5633802816901409,accuracy
wnli,7,7,0.5633802816901409,accuracy
wnli,7,8,0.5633802816901409,accuracy
wnli,7,9,0.5633802816901409,accuracy
wnli,7,10,0.5633802816901409,accuracy
wnli,7,11,0.5633802816901409,accuracy
wnli,7,12,0.5633802816901409,accuracy
wnli,8,1,0.5633802816901409,accuracy
wnli,8,2,0.5633802816901409,accuracy
wnli,8,3,0.5633802816901409,accuracy
wnli,8,4,0.5633802816901409,accuracy
wnli,8,5,0.5633802816901409,accuracy
wnli,8,6,0.5633802816901409,accuracy
wnli,8,7,0.5633802816901409,accuracy
wnli,8,8,0.5633802816901409,accuracy
wnli,8,9,0.5633802816901409,accuracy
wnli,8,10,0.5633802816901409,accuracy
wnli,8,11,0.5633802816901409,accuracy
wnli,8,12,0.5633802816901409,accuracy
wnli,9,1,0.5633802816901409,accuracy
wnli,9,2,0.5633802816901409,accuracy
wnli,9,3,0.5633802816901409,accuracy
wnli,9,4,0.5633802816901409,accuracy
wnli,9,5,0.5633802816901409,accuracy
wnli,9,6,0.5633802816901409,accuracy
wnli,9,7,0.5633802816901409,accuracy
wnli,9,8,0.5633802816901409,accuracy
wnli,9,9,0.5633802816901409,accuracy
wnli,9,10,0.5633802816901409,accuracy
wnli,9,11,0.5633802816901409,accuracy
wnli,9,12,0.5633802816901409,accuracy
wnli,10,1,0.5633802816901409,accuracy
wnli,10,2,0.5633802816901409,accuracy
wnli,10,3,0.5633802816901409,accuracy
wnli,10,4,0.5633802816901409,accuracy
wnli,10,5,0.5633802816901409,accuracy
wnli,10,6,0.5633802816901409,accuracy
wnli,10,7,0.5633802816901409,accuracy
wnli,10,8,0.5633802816901409,accuracy
wnli,10,9,0.5633802816901409,accuracy
wnli,10,10,0.5633802816901409,accuracy
wnli,10,11,0.5633802816901409,accuracy
wnli,10,12,0.5633802816901409,accuracy
wnli,11,1,0.5774647887323944,accuracy
wnli,11,2,0.5774647887323944,accuracy
wnli,11,3,0.5774647887323944,accuracy
wnli,11,4,0.5633802816901409,accuracy
wnli,11,5,0.5633802816901409,accuracy
wnli,11,6,0.5633802816901409,accuracy
wnli,11,7,0.5633802816901409,accuracy
wnli,11,8,0.5633802816901409,accuracy
wnli,11,9,0.5633802816901409,accuracy
wnli,11,10,0.5633802816901409,accuracy
wnli,11,11,0.5774647887323944,accuracy
wnli,11,12,0.5774647887323944,accuracy
wnli,12,1,0.5774647887323944,accuracy
wnli,12,2,0.5915492957746479,accuracy
wnli,12,3,0.5774647887323944,accuracy
wnli,12,4,0.5774647887323944,accuracy
wnli,12,5,0.5774647887323944,accuracy
wnli,12,6,0.5774647887323944,accuracy
wnli,12,7,0.4788732394366197,accuracy
wnli,12,8,0.49295774647887325,accuracy
wnli,12,9,0.5211267605633803,accuracy
wnli,12,10,0.43661971830985913,accuracy
wnli,12,11,0.43661971830985913,accuracy
wnli,12,12,0.43661971830985913,accuracy
sts-b,1,1,0.8829479377284476,spearmanr
sts-b,1,2,0.8827061759959839,spearmanr
sts-b,1,3,0.8829485676221203,spearmanr
sts-b,1,4,0.883111201186168,spearmanr
sts-b,1,5,0.8794593979575219,spearmanr
sts-b,1,6,0.8797577575937628,spearmanr
sts-b,1,7,0.8807004771047157,spearmanr
sts-b,1,8,0.8809962922552171,spearmanr
sts-b,1,9,0.8799741278496516,spearmanr
sts-b,1,10,0.8795437378733021,spearmanr
sts-b,1,11,0.879337977945011,spearmanr
sts-b,1,12,0.87851213040073,spearmanr
sts-b,2,1,0.8783784310203252,spearmanr
sts-b,2,2,0.8784141356712681,spearmanr
sts-b,2,3,0.8785613101499282,spearmanr
sts-b,2,4,0.8779926282633184,spearmanr
sts-b,2,5,0.8783861018441174,spearmanr
sts-b,2,6,0.8782083704048951,spearmanr
sts-b,2,7,0.874533194272022,spearmanr
sts-b,2,8,0.8721052487607683,spearmanr
sts-b,2,9,0.8717224406677471,spearmanr
sts-b,2,10,0.8680132192500609,spearmanr
sts-b,2,11,0.863552851407195,spearmanr
sts-b,2,12,0.86470588423036,spearmanr
sts-b,3,1,0.8660256716168546,spearmanr
sts-b,3,2,0.8649341209216205,spearmanr
sts-b,3,3,0.8532540596115343,spearmanr
sts-b,3,4,0.8408033499626185,spearmanr
sts-b,3,5,0.8365835196520842,spearmanr
sts-b,3,6,0.8288309644867904,spearmanr
sts-b,3,7,0.6669998695563979,spearmanr
sts-b,3,8,0.6814698807159156,spearmanr
sts-b,3,9,0.6762658362039078,spearmanr
sts-b,3,10,0.6906748087683375,spearmanr
sts-b,3,11,0.5749443695737927,spearmanr
sts-b,3,12,0.594841942535243,spearmanr
sts-b,4,1,0.47854142234786323,spearmanr
sts-b,4,2,0.4651256390800609,spearmanr
sts-b,4,3,0.4715275407086796,spearmanr
sts-b,4,4,0.45651178657390534,spearmanr
sts-b,4,5,0.4494723471526811,spearmanr
sts-b,4,6,0.44091220285472943,spearmanr
sts-b,4,7,0.4513062149646654,spearmanr
sts-b,4,8,0.45568546838799595,spearmanr
sts-b,4,9,0.4800777205597384,spearmanr
sts-b,4,10,0.501809105644244,spearmanr
sts-b,4,11,0.4879004287982944,spearmanr
sts-b,4,12,0.4650574712969963,spearmanr
sts-b,5,1,0.47324953257958113,spearmanr
sts-b,5,2,0.48327524767457575,spearmanr
sts-b,5,3,0.46562990455216685,spearmanr
sts-b,5,4,0.176339240753928,spearmanr
sts-b,5,5,0.1853163661582402,spearmanr
sts-b,5,6,0.18534901581168992,spearmanr
sts-b,5,7,0.17663092244962328,spearmanr
sts-b,5,8,0.175862462111893,spearmanr
sts-b,5,9,0.17878979582368681,spearmanr
sts-b,5,10,0.15403512751667858,spearmanr
sts-b,5,11,0.15183450705280913,spearmanr
sts-b,5,12,0.16340189553829546,spearmanr
sts-b,6,1,0.1571070032993627,spearmanr
sts-b,6,2,0.15384597538783146,spearmanr
sts-b,6,3,0.12480988495407594,spearmanr
sts-b,6,4,0.11893275812763139,spearmanr
sts-b,6,5,0.11184325600984746,spearmanr
sts-b,6,6,0.10595835772631725,spearmanr
sts-b,6,7,0.10216094327815803,spearmanr
sts-b,6,8,0.08864916786050349,spearmanr
sts-b,6,9,0.08354209242505814,spearmanr
sts-b,6,10,0.09586679739021113,spearmanr
sts-b,6,11,0.11860635220871513,spearmanr
sts-b,6,12,0.12992588136269437,spearmanr
sts-b,7,1,0.13625370879882195,spearmanr
sts-b,7,2,0.13007756652061989,spearmanr
sts-b,7,3,0.12580108492548878,spearmanr
sts-b,7,4,0.12652569574519104,spearmanr
sts-b,7,5,0.1268891693053135,spearmanr
sts-b,7,6,0.1310957255853466,spearmanr
sts-b,7,7,0.13006662523194013,spearmanr
sts-b,7,8,0.14751102808663938,spearmanr
sts-b,7,9,0.1870233329696959,spearmanr
sts-b,7,10,0.18820646245620737,spearmanr
sts-b,7,11,0.19167653352357314,spearmanr
sts-b,7,12,0.20235199711665006,spearmanr
sts-b,8,1,0.21159659957364066,spearmanr
sts-b,8,2,0.21117366155972267,spearmanr
sts-b,8,3,0.1950084529094119,spearmanr
sts-b,8,4,0.18250156350647317,spearmanr
sts-b,8,5,0.18565423293914807,spearmanr
sts-b,8,6,0.20844359847548655,spearmanr
sts-b,8,7,0.2177566251715777,spearmanr
sts-b,8,8,0.21148174006387202,spearmanr
sts-b,8,9,0.23587808093144733,spearmanr
sts-b,8,10,0.24585581557519565,spearmanr
sts-b,8,11,0.2628929142876088,spearmanr
sts-b,8,12,0.28218416779708416,spearmanr
sts-b,9,1,0.28363850331901685,spearmanr
sts-b,9,2,0.27048612770607033,spearmanr
sts-b,9,3,0.24040608049754933,spearmanr
sts-b,9,4,0.2519523711599596,spearmanr
sts-b,9,5,0.2338057963753649,spearmanr
sts-b,9,6,0.22284028170025552,spearmanr
sts-b,9,7,0.20990470357633745,spearmanr
sts-b,9,8,0.2478720000202768,spearmanr
sts-b,9,9,0.4536656796275702,spearmanr
sts-b,9,10,0.4693308430459947,spearmanr
sts-b,9,11,0.4580976306774855,spearmanr
sts-b,9,12,0.46970840024571714,spearmanr
sts-b,10,1,0.4708227657824454,spearmanr
sts-b,10,2,0.4611717644688434,spearmanr
sts-b,10,3,0.48908299367028335,spearmanr
sts-b,10,4,0.4775796067383399,spearmanr
sts-b,10,5,0.48287983235084636,spearmanr
sts-b,10,6,0.5251919598385083,spearmanr
sts-b,10,7,0.5203706433482922,spearmanr
sts-b,10,8,0.5137764128247572,spearmanr
sts-b,10,9,0.3908486964276992,spearmanr
sts-b,10,10,0.39088448648795376,spearmanr
sts-b,10,11,0.4184750784577274,spearmanr
sts-b,10,12,0.4027174394833404,spearmanr
sts-b,11,1,0.38660999243867644,spearmanr
sts-b,11,2,0.3894121868869725,spearmanr
sts-b,11,3,0.37764099693320596,spearmanr
sts-b,11,4,0.364547728122563,spearmanr
sts-b,11,5,0.37756707906840914,spearmanr
sts-b,11,6,0.38272368904840776,spearmanr
sts-b,11,7,0.3921206154537997,spearmanr
sts-b,11,8,0.39761033631928544,spearmanr
sts-b,11,9,0.3728497249476829,spearmanr
sts-b,11,10,0.37567877138150907,spearmanr
sts-b,11,11,0.09780351580689017,spearmanr
sts-b,11,12,0.09637031197211979,spearmanr
sts-b,12,1,0.0920657663007068,spearmanr
sts-b,12,2,0.09025021344796474,spearmanr
sts-b,12,3,0.09236953163462365,spearmanr
sts-b,12,4,0.10030148550007555,spearmanr
sts-b,12,5,0.09164205248554233,spearmanr
sts-b,12,6,0.09050959085093256,spearmanr
sts-b,12,7,0.08003139323767146,spearmanr
sts-b,12,8,0.07497954462674629,spearmanr
sts-b,12,9,0.11144551631245696,spearmanr
sts-b,12,10,0.07445596234869968,spearmanr
sts-b,12,11,0.06014704857209385,spearmanr
sts-b,12,12,0.06481112153073185,spearmanr
cola,1,1,0.5600900419522739,Matthew's correlation
cola,1,2,0.5677348492150284,Matthew's correlation
cola,1,3,0.5599999927061219,Matthew's correlation
cola,1,4,0.5599999927061219,Matthew's correlation
cola,1,5,0.5652516382961122,Matthew's correlation
cola,1,6,0.5522294868395369,Matthew's correlation
cola,1,7,0.5678267214677118,Matthew's correlation
cola,1,8,0.5650871771295588,Matthew's correlation
cola,1,9,0.5727969336224868,Matthew's correlation
cola,1,10,0.5599999927061219,Matthew's correlation
cola,1,11,0.547116568580723,Matthew's correlation
cola,1,12,0.5625821583056989,Matthew's correlation
cola,2,1,0.5547527490659778,Matthew's correlation
cola,2,2,0.5625821583056989,Matthew's correlation
cola,2,3,0.549825623859248,Matthew's correlation
cola,2,4,0.5523181756655187,Matthew's correlation
cola,2,5,0.5470285194988502,Matthew's correlation
cola,2,6,0.5599999927061219,Matthew's correlation
cola,2,7,0.5574138665741355,Matthew's correlation
cola,2,8,0.5575034099514093,Matthew's correlation
cola,2,9,0.5625095574827523,Matthew's correlation
cola,2,10,0.5625095574827523,Matthew's correlation
cola,2,11,0.5499492780843731,Matthew's correlation
cola,2,12,0.5573424050983508,Matthew's correlation
cola,3,1,0.5624553233571645,Matthew's correlation
cola,3,2,0.5572552114140278,Matthew's correlation
cola,3,3,0.5495609631481372,Matthew's correlation
cola,3,4,0.5599279872250126,Matthew's correlation
cola,3,5,0.557289393094284,Matthew's correlation
cola,3,6,0.5547527490659778,Matthew's correlation
cola,3,7,0.562419829892001,Matthew's correlation
cola,3,8,0.5496311083440725,Matthew's correlation
cola,3,9,0.5547527490659778,Matthew's correlation
cola,3,10,0.5522294868395369,Matthew's correlation
cola,3,11,0.5573424050983508,Matthew's correlation
cola,3,12,0.5573424050983508,Matthew's correlation
cola,4,1,0.5575034099514093,Matthew's correlation
cola,4,2,0.5495609631481372,Matthew's correlation
cola,4,3,0.5650322558145829,Matthew's correlation
cola,4,4,0.5495093920893817,Matthew's correlation
cola,4,5,0.5599279872250126,Matthew's correlation
cola,4,6,0.5524246615971198,Matthew's correlation
cola,4,7,0.5522294868395369,Matthew's correlation
cola,4,8,0.5520738806744706,Matthew's correlation
cola,4,9,0.5524246615971198,Matthew's correlation
cola,4,10,0.5470285194988502,Matthew's correlation
cola,4,11,0.554912808282685,Matthew's correlation
cola,4,12,0.5547002704668513,Matthew's correlation
cola,5,1,0.5676609066599885,Matthew's correlation
cola,5,2,0.5521069582827846,Matthew's correlation
cola,5,3,0.5494767866076017,Matthew's correlation
cola,5,4,0.5626727648075698,Matthew's correlation
cola,5,5,0.5650322558145829,Matthew's correlation
cola,5,6,0.5495093920893817,Matthew's correlation
cola,5,7,0.5650871771295588,Matthew's correlation
cola,5,8,0.5624034645452709,Matthew's correlation
cola,5,9,0.5521069582827846,Matthew's correlation
cola,5,10,0.5468969938757886,Matthew's correlation
cola,5,11,0.5547002704668513,Matthew's correlation
cola,5,12,0.5390322970786539,Matthew's correlation
cola,6,1,0.5338269593815457,Matthew's correlation
cola,6,2,0.5494968980251971,Matthew's correlation
cola,6,3,0.5416549448511832,Matthew's correlation
cola,6,4,0.557240254761928,Matthew's correlation
cola,6,5,0.5496129885311101,Matthew's correlation
cola,6,6,0.5416905121171213,Matthew's correlation
cola,6,7,0.5494968980251971,Matthew's correlation
cola,6,8,0.5390322970786539,Matthew's correlation
cola,6,9,0.5495443671948597,Matthew's correlation
cola,6,10,0.5443411760365089,Matthew's correlation
cola,6,11,0.5390322970786539,Matthew's correlation
cola,6,12,0.5390439985632989,Matthew's correlation
cola,7,1,0.5446151814563016,Matthew's correlation
cola,7,2,0.5442570546927161,Matthew's correlation
cola,7,3,0.5259790835948196,Matthew's correlation
cola,7,4,0.5232427655095763,Matthew's correlation
cola,7,5,0.5339501336198276,Matthew's correlation
cola,7,6,0.5495093920893817,Matthew's correlation
cola,7,7,0.5311596898053897,Matthew's correlation
cola,7,8,0.5390439985632989,Matthew's correlation
cola,7,9,0.5442645975519255,Matthew's correlation
cola,7,10,0.544269410354875,Matthew's correlation
cola,7,11,0.5521390429003941,Matthew's correlation
cola,7,12,0.5416469931221344,Matthew's correlation
cola,8,1,0.5442645975519255,Matthew's correlation
cola,8,2,0.5390752681565225,Matthew's correlation
cola,8,3,0.533788717644728,Matthew's correlation
cola,8,4,0.5390752681565225,Matthew's correlation
cola,8,5,0.5285348624455609,Matthew's correlation
cola,8,6,0.5390439985632989,Matthew's correlation
cola,8,7,0.5390439985632989,Matthew's correlation
cola,8,8,0.5285257385527052,Matthew's correlation
cola,8,9,0.5364243566130295,Matthew's correlation
cola,8,10,0.5286178863044644,Matthew's correlation
cola,8,11,0.533788717644728,Matthew's correlation
cola,8,12,0.5311983410233877,Matthew's correlation
cola,9,1,0.5311983410233877,Matthew's correlation
cola,9,2,0.5338269593815457,Matthew's correlation
cola,9,3,0.5339494412838712,Matthew's correlation
cola,9,4,0.5311983410233877,Matthew's correlation
cola,9,5,0.5340435327165364,Matthew's correlation
cola,9,6,0.5341602366353293,Matthew's correlation
cola,9,7,0.5340435327165364,Matthew's correlation
cola,9,8,0.5285646777370838,Matthew's correlation
cola,9,9,0.5161596159953151,Matthew's correlation
cola,9,10,0.5364128958265776,Matthew's correlation
cola,9,11,0.5338309424338816,Matthew's correlation
cola,9,12,0.5364506086387147,Matthew's correlation
cola,10,1,0.5364214937932232,Matthew's correlation
cola,10,2,0.5338269593815457,Matthew's correlation
cola,10,3,0.5259770638545269,Matthew's correlation
cola,10,4,0.5261452181661114,Matthew's correlation
cola,10,5,0.5338269593815457,Matthew's correlation
cola,10,6,0.5364506086387147,Matthew's correlation
cola,10,7,0.5311596898053897,Matthew's correlation
cola,10,8,0.533788717644728,Matthew's correlation
cola,10,9,0.5286156744059349,Matthew's correlation
cola,10,10,0.5311983410233877,Matthew's correlation
cola,10,11,0.5296111755015093,Matthew's correlation
cola,10,12,0.5337975510473064,Matthew's correlation
cola,11,1,0.5285348624455609,Matthew's correlation
cola,11,2,0.5285368344613508,Matthew's correlation
cola,11,3,0.5258867890805083,Matthew's correlation
cola,11,4,0.5337975510473064,Matthew's correlation
cola,11,5,0.5338269593815457,Matthew's correlation
cola,11,6,0.5285646777370838,Matthew's correlation
cola,11,7,0.5311686988596115,Matthew's correlation
cola,11,8,0.5311983410233877,Matthew's correlation
cola,11,9,0.5311686988596115,Matthew's correlation
cola,11,10,0.5311708468019721,Matthew's correlation
cola,11,11,0.5337975510473064,Matthew's correlation
cola,11,12,0.523253926058104,Matthew's correlation
cola,12,1,0.5258867890805083,Matthew's correlation
cola,12,2,0.5205935908642821,Matthew's correlation
cola,12,3,0.5259258925916567,Matthew's correlation
cola,12,4,0.5341602366353293,Matthew's correlation
cola,12,5,0.5259258925916567,Matthew's correlation
cola,12,6,0.5285348624455609,Matthew's correlation
cola,12,7,0.5206326433339101,Matthew's correlation
cola,12,8,0.5258867890805083,Matthew's correlation
cola,12,9,0.5232819075279987,Matthew's correlation
cola,12,10,0.5152912157847293,Matthew's correlation
cola,12,11,0.5232819075279987,Matthew's correlation
cola,12,12,0.5232519323928566,Matthew's correlation
